100,12,3
200,25,7
300,37,3
301,37,2
302,37,1
310,38,1
2000,250,7
2002,250,5
2051,256,4
2052,256,3
2100,262,3
2200,275,7
4698,587,5
6000,750,7
6001,750,6
6010,751,5
6080,760,7
9000,1125,7
9001,1125,6
9020,1127,3
9410,1176,5
9411,1176,4
9413,1176,2
60110,1263,1
60130,1266,5
60230,1278,1
60350,1293,1
60360,1295,7
60370,1296,5
62000,1500,7
62001,1500,6
62004,1500,3
62005,1500,2
62006,1500,1
62007,1500,0
62008,1501,7
62009,1501,6
62010,1501,5
62011,1501,4
62012,1501,3
62020,1502,3
62021,1502,2
62022,1502,1
62030,1503,1
62031,1503,0
62032,1504,7
62040,1505,7
62041,1505,6
62050,1506,5
62051,1506,4
62052,1506,3
62053,1506,2
62060,1507,3
62061,1507,2
62062,1507,1
62063,1507,0
62064,1508,7
62065,1508,6
62080,1510,7
62081,1510,6
62082,1510,5
62083,1510,4
62084,1510,3
62102,1512,1
62103,1512,0
63010,1626,5
63011,1626,4
63012,1626,3
63020,1627,3
63021,1627,2
63022,1627,1
63030,1628,1
63031,1628,0
63032,1629,7
63040,1630,7
63041,1630,6
63050,1631,5
63051,1631,4
63052,1631,3
63060,1632,3
63061,1632,2
63062,1632,1
63063,1632,0
63064,1633,7
63080,1635,7
63081,1635,6
63082,1635,5
63083,1635,4
63084,1635,3
65600,1950,7
65610,1951,5
65620,1952,3
65630,1953,1
65640,1955,7
65650,1956,5
65660,1957,3
65670,1958,1
65680,1960,7
65690,1961,5
65700,1962,3
65710,1963,1
65720,1965,7
66000,2000,7
67000,2125,7
67010,2126,5
67020,2127,3
67030,2128,1
67050,2131,5
67060,2132,3
67070,2133,1
67080,2135,7
67090,2136,5
67100,2137,3
67110,2138,1
67120,2140,7
67130,2141,5
67200,2150,7
67210,2151,5
67220,2152,3
67230,2153,1
67250,2156,5
67260,2157,3
67270,2158,1
67280,2160,7
67290,2161,5
67300,2162,3
67310,2163,1
67400,2175,7
67410,2176,5
67420,2177,3
67430,2178,1
67440,2180,7
67450,2181,5
67460,2182,3
67470,2183,1
67480,2185,7
67600,2200,7
67610,2201,5
67630,2203,1
67640,2205,7
67650,2206,5
67800,2225,7
67830,2228,1
67840,2230,7
67850,2231,5
67860,2232,3
67870,2233,1
67880,2235,7
67890,2236,5
67900,2237,3
67910,2238,1
67920,2240,7
68000,2250,7
68010,2251,5
68020,2252,3
68030,2253,1
68200,2275,7
68210,2276,5
68220,2277,3
68230,2278,1
68400,2300,7
68410,2301,5
71000,2625,7
71001,2625,6
71002,2625,5
71003,2625,4
71004,2625,3
71005,2625,2
71006,2625,1
71007,2625,0
71008,2626,7
71100,2637,3
71101,2637,2
71102,2637,1
71103,2637,0
71104,2638,7
71105,2638,6
71107,2638,4
71108,2638,3
71109,2638,2
71120,2640,7
71121,2640,6
71122,2640,5
71123,2640,4
71124,2640,3
71125,2640,2
71190,2648,1
71210,2651,5
71211,2651,4
71212,2651,3
71213,2651,2
71214,2651,1
71215,2651,0
71216,2652,7
71218,2652,5
71219,2652,4
71220,2652,3
71221,2652,2
71222,2652,1
71223,2652,0
71224,2653,7
71225,2653,6
71226,2653,5
71227,2653,4
71230,2653,1
71231,2653,0
71232,2654,7
71233,2654,6
71234,2654,5
71235,2654,4
71240,2655,7
71250,2656,5
71251,2656,4
71252,2656,3
71253,2656,2
71270,2658,1
71271,2658,0
71300,2662,3
71301,2662,2
71302,2662,1
71303,2662,0
71304,2663,7
71305,2663,6
71306,2663,5
71307,2663,4
71308,2663,3
71309,2663,2
71310,2663,1
71400,2675,7
71401,2675,6
71402,2675,5
71403,2675,4
71500,2687,3
71501,2687,2
71502,2687,1
71503,2687,0
71504,2688,7
71505,2688,6
71506,2688,5
71507,2688,4
71508,2688,3
71600,2700,7
71601,2700,6
71602,2700,5
71603,2700,4
71604,2700,3
71605,2700,2
71606,2700,1
71607,2700,0
71800,2725,7
71801,2725,6
71900,2737,3
73000,2875,7
73001,2875,6
73002,2875,5
73003,2875,4
73004,2875,3
73005,2875,2
73006,2875,1
73007,2875,0
73008,2876,7
73009,2876,6
73010,2876,5
73011,2876,4
73012,2876,3
73013,2876,2
73014,2876,1
73015,2876,0
73016,2877,7
73017,2877,6
73018,2877,5
73019,2877,4
73020,2877,3
73100,2887,3
73101,2887,2
73102,2887,1
73103,2887,0
73104,2888,7
73105,2888,6
73106,2888,5
73107,2888,4
73109,2888,2
73110,2888,1
73111,2888,0
73112,2889,7
73115,2889,4
73117,2889,2
73118,2889,1
73119,2889,0
73120,2890,7
73121,2890,6
73122,2890,5
73200,2900,7
73201,2900,6
73202,2900,5
73204,2900,3
73205,2900,2
73207,2900,0
73208,2901,7
73211,2901,4
73257,2907,6
73410,2926,5
73412,2926,3
73420,2927,3
73421,2927,2
73422,2927,1
73430,2928,1
73431,2928,0
73432,2929,7
73440,2930,7
73441,2930,6
73450,2931,5
73451,2931,4
73460,2932,3
73500,2937,3
73501,2937,2
73502,2937,1
73503,2937,0
73504,2938,7
73900,2987,3
73901,2987,2
73902,2987,1
76100,3262,3
76101,3262,2
76102,3262,1
76103,3262,0
76104,3263,7
76105,3263,6
76106,3263,5
76108,3263,3
76110,3263,1
76111,3263,0
76113,3264,6
76114,3264,5
76116,3264,3
76117,3264,2
76118,3264,1
76119,3264,0
76120,3265,7
76150,3268,1
76151,3268,0
76152,3269,7
76153,3269,6
76154,3269,5
76155,3269,4
76156,3269,3
76157,3269,2
76158,3269,1
76159,3269,0
76160,3270,7
76161,3270,6
76162,3270,5
76200,3275,7
76201,3275,6
76202,3275,5
76203,3275,4
76204,3275,3
76205,3275,2
76206,3275,1
76207,3275,0
76208,3276,7
76209,3276,6
76210,3276,5
76211,3276,4
76212,3276,3
76213,3276,2
76214,3276,1
76215,3276,0
76216,3277,7
76217,3277,6
76218,3277,5
76219,3277,4
76220,3277,3
76221,3277,2
76222,3277,1
76223,3277,0
76224,3278,7
76225,3278,6
76226,3278,5
76227,3278,4
76228,3278,3
76229,3278,2
76230,3278,1
76231,3278,0
76232,3279,7
76233,3279,6
76234,3279,5
76235,3279,4
76236,3279,3
76237,3279,2
76238,3279,1
76239,3279,0
76240,3280,7
76241,3280,6
76242,3280,5
76243,3280,4
76244,3280,3
76245,3280,2
76247,3280,0
76250,3281,5
76251,3281,4
76252,3281,3
76300,3287,3
76301,3287,2
76302,3287,1
76303,3287,0
76304,3288,7
76305,3288,6
76306,3288,5
76307,3288,4
76308,3288,3
76309,3288,2
76310,3288,1
76311,3288,0
76312,3289,7
76313,3289,6
76314,3289,5
76320,3290,7
76321,3290,6
76322,3290,5
76350,3293,1
76351,3293,0
76352,3294,7
76353,3294,6
76354,3294,5
76355,3294,4
76356,3294,3
76357,3294,2
76400,3300,7
76401,3300,6
76402,3300,5
76403,3300,4
76404,3300,3
76405,3300,2
76406,3300,1
76407,3300,0
76409,3301,6
76410,3301,5
76411,3301,4
76412,3301,3
76413,3301,2
76414,3301,1
76415,3301,0
76416,3302,7
76417,3302,6
76418,3302,5
76419,3302,4
76420,3302,3
76422,3302,1
76450,3306,5
76451,3306,4
76452,3306,3
76453,3306,2
76454,3306,1
76455,3306,0
76456,3307,7
76500,3312,3
76501,3312,2
76502,3312,1
76503,3312,0
76504,3313,7
76505,3313,6
76506,3313,5
76507,3313,4
76508,3313,3
76509,3313,2
76510,3313,1
76520,3315,7
76521,3315,6
76522,3315,5
76523,3315,4
76524,3315,3
76550,3318,1
76551,3318,0
76652,3331,3
76653,3331,2
82001,4000,6
82002,4000,5
580300,12287,3
710620,13952,3
10000040,1383380,7
10000041,1383380,6
10000042,1383380,5
10000043,1383380,4
10000044,1383380,3
10000045,1383380,2
10000800,1383475,7
10000850,1383481,5
10010800,1384600,7
11000040,1387880,7
11000041,1387880,6
11000042,1387880,5
11000043,1387880,4
11000044,1387880,3
11000800,1387975,7
11000850,1387981,5
11050040,1389005,7
11050041,1389005,6
11050800,1389100,7
11050850,1389106,5
11102790,1390473,1
12010040,1395755,7
12010041,1395755,6
12010042,1395755,5
12010043,1395755,4
12010044,1395755,3
12010045,1395755,2
12010046,1395755,1
12010800,1395850,7
12010850,1395856,5
12020040,1396880,7
12020041,1396880,6
12020042,1396880,5
12020043,1396880,4
12020044,1396880,3
12020045,1396880,2
12020046,1396880,1
12020800,1396975,7
12020830,1396978,1
12020850,1396981,5
12030040,1398005,7
12030041,1398005,6
12030042,1398005,5
12030043,1398005,4
12030044,1398005,3
12030390,1398048,1
12030800,1398100,7
12030850,1398106,5
12040800,1399225,7
12050040,1400255,7
12050041,1400255,6
12050042,1400255,5
12050800,1400350,7
12070040,1402505,7
12070041,1402505,6
12080800,1403725,7
12090800,1404850,7
13000040,1405880,7
13000041,1405880,6
13000042,1405880,5
13000043,1405880,4
13000044,1405880,3
13000045,1405880,2
13000046,1405880,1
13000047,1405880,0
13000800,1405975,7
13000830,1405978,1
13000850,1405981,5
14000040,1409255,7
14000041,1409255,6
14000042,1409255,5
14000043,1409255,4
14000800,1409350,7
14000850,1409356,5
15000040,1412630,7
15000041,1412630,6
15000042,1412630,5
15000044,1412630,3
15000045,1412630,2
15000046,1412630,1
15000047,1412630,0
15000049,1412631,6
15000800,1412725,7
15000850,1412731,5
16000040,1416005,7
16000041,1416005,6
16000042,1416005,5
16000043,1416005,4
16000044,1416005,3
16000800,1416100,7
16000850,1416106,5
16000860,1416107,3
18000850,1422856,5
19000040,1426130,7
19000810,1426226,5
30000040,1473380,7
30000800,1473475,7
30010040,1474505,7
30010800,1474600,7
30020040,1475630,7
30020800,1475725,7
30030040,1476755,7
30030800,1476850,7
30040040,1477880,7
30040800,1477975,7
30050040,1479005,7
30050800,1479100,7
30050850,1479106,5
30060040,1480130,7
30060800,1480225,7
30070040,1481255,7
30070800,1481350,7
30080040,1482380,7
30080800,1482475,7
30090040,1483505,7
30090800,1483600,7
30100040,1484630,7
30100800,1484725,7
30110040,1485755,7
30110800,1485850,7
30120040,1486880,7
30120800,1486975,7
30130800,1488100,7
30140040,1489130,7
30140800,1489225,7
30150040,1490255,7
30160040,1491380,7
30170040,1492505,7
30170800,1492600,7
30180040,1493630,7
30180800,1493725,7
30190040,1494755,7
30190800,1494850,7
30200040,1495880,7
30200800,1495975,7
31000040,1507130,7
31000800,1507225,7
31010040,1508255,7
31010800,1508350,7
31020040,1509380,7
31020800,1509475,7
31030040,1510505,7
31030800,1510600,7
31032100,1510762,3
31037000,1511250,7
31037010,1511251,5
31040040,1511630,7
31040800,1511725,7
31050040,1512755,7
31050800,1512850,7
31060040,1513880,7
31060800,1513975,7
31070040,1515005,7
31070800,1515100,7
31090040,1517255,7
31090800,1517350,7
31100040,1518380,7
31100800,1518475,7
31110040,1519505,7
31110800,1519600,7
31120040,1520630,7
31120800,1520725,7
31150040,1524005,7
31150800,1524100,7
31170040,1525130,7
31170800,1525225,7
31180040,1526255,7
31180800,1526350,7
31190040,1527380,7
31190800,1527475,7
31190850,1527481,5
31200040,1528505,7
31210040,1529630,7
31210800,1529725,7
31220040,1530755,7
31220800,1530850,7
32000040,1540880,7
32010040,1542005,7
32010800,1542100,7
32020040,1543130,7
32020800,1543225,7
32040040,1544255,7
32040800,1544350,7
32050040,1546505,7
32050800,1546600,7
32070040,1547630,7
32070800,1547725,7
32080040,1548755,7
32080800,1548850,7
32110040,1549880,7
32110800,1549975,7
34100040,1450880,7
34110040,1452005,7
34120040,1453130,7
34120041,1453130,6
34130040,1454255,7
34130800,1454350,7
34140850,1455481,5
35000040,1429505,7
35000041,1429505,6
35000042,1429505,5
35000800,1429600,7
39200040,1432880,7
39200041,1432880,6
39200800,1432975,7
1033420800,347475,7
1033430800,348350,7
1033450800,350100,7
1034450800,385100,7
1034480800,387725,7
1034500800,389475,7
1035420800,417475,7
1035500800,424475,7
1035530040,427005,7
1035530800,427100,7
1036450800,455100,7
1036480800,457725,7
1036500800,459475,7
1036520040,461130,7
1036540040,462880,7
1036540041,462880,6
1036540800,462975,7
1037420800,487475,7
1037460800,490975,7
1037530040,497005,7
1037530800,497100,7
1037540810,497976,5
1038410800,521600,7
1038480800,527725,7
1038510800,530350,7
1038520040,531130,7
1038520800,531225,7
1039430800,558350,7
1039500800,564475,7
1039510800,565350,7
1039540040,567880,7
1039540800,567975,7
1040407000,591125,7
1040408500,591312,3
1040520800,601225,7
1040530040,602005,7
1040530800,602100,7
1041362100,622262,3
1041367000,622625,7
1041377000,623500,7
1041377020,623502,3
1041382100,624012,3
1041387010,624376,5
1041387030,624378,1
1041387040,624380,7
1041387050,624381,5
1041387100,624387,3
1041387200,624400,7
1041500800,634475,7
1041510800,635350,7
1041520800,636225,7
1042330800,654600,7
1042360800,657225,7
1042362100,657262,3
1042367010,657626,5
1042367030,657628,1
1042367040,657630,7
1042367050,657631,5
1042367060,657632,3
1042369249,657906,6
1042369415,657926,0
1042370800,658100,7
1042372100,658137,3
1042377000,658500,7
1042377010,658501,5
1042377060,658507,3
1042377070,658508,1
1042377110,658513,1
1042377300,658537,3
1042378501,658687,2
1042378506,658688,5
1042378600,658700,7
1042378601,658700,6
1042380800,658975,7
1042380850,658981,5
1042382100,659012,3
1042387000,659375,7
1042387010,659376,5
1042387020,659377,3
1042387030,659378,1
1042387040,659380,7
1042387050,659381,5
1042387070,659383,1
1042387080,659385,7
1042387090,659386,5
1042387100,659387,3
1042387110,659388,1
1042387120,659390,7
1042387140,659392,3
1042387200,659400,7
1042387600,659450,7
1042540040,672880,7
1042550800,673850,7
1043300800,686975,7
1043330800,689600,7
1043360800,692225,7
1043362100,692262,3
1043367010,692626,5
1043367020,692627,3
1043367040,692630,7
1043367070,692633,1
1043367110,692638,1
1043368601,692825,6
1043370800,693100,7
1043377000,693500,7
1043377010,693501,5
1043377020,693502,3
1043530800,707100,7
1044320800,723725,7
1044320850,723731,5
1044337210,725026,5
1044350800,726350,7
1044360800,727225,7
1044367200,727650,7
1044368301,727787,2
1044530040,742005,7
1045390800,764850,7
1045520040,776130,7
1045520800,776225,7
1046400040,800630,7
1047400040,835630,7
1047400800,835725,7
1047407920,836240,7
1047408620,836327,3
1047510840,845355,7
1048370040,868005,7
1048370800,868100,7
1048400800,870725,7
1048410800,871600,7
1048510800,880350,7
1048570800,885600,7
1049370800,903100,7
1049370850,903106,5
1049380040,903880,7
1049380041,903880,6
1049380800,903975,7
1049390800,904850,7
1049390850,904856,5
1049520800,916225,7
1049560840,919730,7
1049570840,920605,7
1050400040,940630,7
1050400800,940725,7
1050560800,954725,7
1050570800,955600,7
1050570850,955606,5
1051360040,972130,7
1051360800,972225,7
1051370040,973005,7
1051400040,975630,7
1051430800,978350,7
1051570800,990600,7
1051570840,990605,7
1051570841,990605,6
1052410040,1011505,7
1052410800,1011600,7
1052410850,1011606,5
1052520800,1021225,7
1052530840,1022105,7
1052560800,1024725,7
1052570840,1025605,7
1053560800,1059725,7
1053570840,1060605,7
1054532702,1092212,1
1054560800,1094725,7
1060330040,1284505,7
1060340040,1285380,7
1060340041,1285380,6
1060340043,1285380,4
1060350040,1286255,7
1060380040,1288880,7
1060410040,1291505,7
1060420040,1292380,7
1060430040,1293255,7
1060430041,1293255,6
1060430042,1293255,5
1060430043,1293255,4
1060440040,1294130,7
1242330400,1612925,7
1248550800,1752475,7
